{
  "test_accuracy": 0.6237547892720307,
  "test_f1": 0.5864232373055003,
  "test_loss": 1.1188116909527197,
  "best_val_accuracy": 0.5996393146979261,
  "training_history": {
    "train_loss": [
      1.430833265423394,
      1.2220136144290716,
      1.1828814491677209,
      1.1529909239028588,
      1.135917635580983,
      1.1127451016499212,
      1.098445537181708,
      1.0746610701655428,
      1.0610065050780202,
      1.0416900833574727,
      1.0216462705462885,
      1.018179167383395,
      1.0125307922546094,
      0.9835709238204712,
      0.9666434555008008
    ],
    "train_acc": [
      0.5252778055861448,
      0.5903493843227551,
      0.6052657923716088,
      0.613474822304535,
      0.6193813194513965,
      0.6255881469616579,
      0.6261888076884573,
      0.633396736410051,
      0.6351987185904495,
      0.6441085193713084,
      0.6455100610671739,
      0.650815897487236,
      0.6556211833016318,
      0.6631294423866253,
      0.6597256982680949
    ],
    "val_loss": [
      1.3240846940449307,
      1.2753846611295427,
      1.2554889065878732,
      1.2469800966126579,
      1.237186358656202,
      1.2285205466406686,
      1.2314287424087524,
      1.2296582443373545,
      1.22687977041517,
      1.2232396858079093,
      1.2277943508965627,
      1.2375475423676627,
      1.23199474300657,
      1.242383485180991,
      1.2397101129804338
    ],
    "val_acc": [
      0.5581605049594229,
      0.5680793507664562,
      0.5843101893597836,
      0.5834084761045988,
      0.5870153291253382,
      0.5843101893597836,
      0.5897204688908927,
      0.5897204688908927,
      0.5996393146979261,
      0.5888187556357078,
      0.5951307484220018,
      0.5942290351668169,
      0.5969341749323716,
      0.5951307484220018,
      0.5951307484220018
    ],
    "val_f1": [
      0.4821578247580195,
      0.5063993907600871,
      0.5294752819208415,
      0.5373269064437595,
      0.5376016880656922,
      0.5390676014516401,
      0.5432808741649057,
      0.5468810172145285,
      0.5556489324448352,
      0.5457771324052572,
      0.5556622122374665,
      0.5550607317973845,
      0.5593001315720278,
      0.556247643030489,
      0.5550926209293828
    ]
  }
}